-- phpMyAdmin SQL Dump
-- version 5.2.2
-- https://www.phpmyadmin.net/
--
-- Host: localhost:3306
-- Generation Time: Sep 05, 2025 at 09:20 PM
-- Server version: 10.6.22-MariaDB-cll-lve
-- PHP Version: 8.3.25

SET SQL_MODE = "NO_AUTO_VALUE_ON_ZERO";
START TRANSACTION;
SET time_zone = "+00:00";


/*!40101 SET @OLD_CHARACTER_SET_CLIENT=@@CHARACTER_SET_CLIENT */;
/*!40101 SET @OLD_CHARACTER_SET_RESULTS=@@CHARACTER_SET_RESULTS */;
/*!40101 SET @OLD_COLLATION_CONNECTION=@@COLLATION_CONNECTION */;
/*!40101 SET NAMES utf8mb4 */;

--
-- Database: `ikatsfn3_search`
--

-- --------------------------------------------------------

--
-- Table structure for table `pages`
--

CREATE TABLE `pages` (
  `id` int(11) NOT NULL,
  `title` varchar(255) DEFAULT NULL,
  `url` varchar(255) DEFAULT NULL,
  `status` int(11) DEFAULT NULL,
  `page_id` int(11) DEFAULT NULL,
  `linked_at` timestamp NULL DEFAULT NULL,
  `scrapped_at` timestamp NULL DEFAULT NULL,
  `created_at` timestamp NOT NULL DEFAULT current_timestamp(),
  `updated_at` timestamp NOT NULL DEFAULT current_timestamp() ON UPDATE current_timestamp()
) ENGINE=InnoDB DEFAULT CHARSET=latin1 COLLATE=latin1_swedish_ci;

--
-- Dumping data for table `pages`
--

INSERT INTO `pages` (`id`, `title`, `url`, `status`, `page_id`, `linked_at`, `scrapped_at`, `created_at`, `updated_at`) VALUES
(1, 'assets | BrickMMO Assets Directory', 'https://assets.brickmmo.com/', 200, NULL, '2025-09-06 00:06:14', '2025-09-05 18:35:56', '2025-09-05 17:10:50', '2025-09-06 00:06:14'),
(285, NULL, 'http://brickmmo.com', 301, 1, '2025-09-06 00:20:38', '2025-09-06 00:10:05', '2025-09-06 00:06:15', '2025-09-06 00:20:38'),
(286, 'BrickMMO | A Smart City Education Platform.', 'https://brickmmo.com', 200, 1, '2025-09-06 00:25:03', '2025-09-06 00:20:38', '2025-09-06 00:06:15', '2025-09-06 00:25:03'),
(287, NULL, 'https://list.brickmmo.com', 302, 1, '2025-09-06 00:30:04', '2025-09-06 00:25:03', '2025-09-06 00:06:15', '2025-09-06 00:30:04'),
(288, 'BrickSum', 'https://bricksum.brickmmo.com', 200, 1, '2025-09-06 00:35:38', '2025-09-06 00:30:04', '2025-09-06 00:06:15', '2025-09-06 00:35:38'),
(289, 'BrickMMO | Colours', 'https://colours.brickmmo.com', 200, 1, '2025-09-06 00:40:03', '2025-09-06 00:35:02', '2025-09-06 00:06:15', '2025-09-06 00:40:03'),
(290, 'Conversions | BrickMMO', 'https://conversions.brickmmo.com', 200, 1, '2025-09-06 00:45:38', '2025-09-06 00:40:04', '2025-09-06 00:06:15', '2025-09-06 00:45:38'),
(291, NULL, 'https://console.brickmmo.com', 302, 1, '2025-09-06 00:50:04', '2025-09-06 00:45:38', '2025-09-06 00:06:15', '2025-09-06 00:50:04'),
(292, 'Events', 'https://events.brickmmo.com', 200, 1, '2025-09-06 01:00:05', '2025-09-06 00:50:04', '2025-09-06 00:06:15', '2025-09-06 01:00:05'),
(293, 'display-v1 | Loop through BrickMMO data and make visualizations.', 'https://display.brickmmo.com', 200, 1, '2025-09-06 01:05:04', '2025-09-06 00:55:03', '2025-09-06 00:06:15', '2025-09-06 01:05:04'),
(294, 'Glyphs Icon Library', 'https://glyphs.brickmmo.com', 200, 1, '2025-09-06 01:10:03', '2025-09-06 01:00:05', '2025-09-06 00:06:15', '2025-09-06 01:10:03'),
(295, 'Maps | BrickMMO', 'https://maps.brickmmo.com', 200, 1, '2025-09-06 01:15:03', '2025-09-06 01:05:04', '2025-09-06 00:06:15', '2025-09-06 01:15:03'),
(296, 'Home Page', 'https://media.brickmmo.com', 200, 1, NULL, '2025-09-06 01:10:03', '2025-09-06 00:06:15', '2025-09-06 01:10:03'),
(297, 'Placekit | BrickMMO', 'https://placekit.brickmmo.com', 200, 1, NULL, '2025-09-06 01:15:03', '2025-09-06 00:06:15', '2025-09-06 01:15:03'),
(298, 'BrickMMO QR Redirect', 'https://qr.brickmmo.com', 200, 1, NULL, '2025-09-06 01:20:04', '2025-09-06 00:06:15', '2025-09-06 01:20:04'),
(299, NULL, 'https://search.brickmmo.com', NULL, 1, NULL, NULL, '2025-09-06 00:06:15', '2025-09-06 00:06:15'),
(300, NULL, 'https://stores.brickmmo.com', NULL, 1, NULL, NULL, '2025-09-06 00:06:15', '2025-09-06 00:06:15'),
(301, NULL, 'https://videokit.brickmmo.com', NULL, 1, NULL, NULL, '2025-09-06 00:06:15', '2025-09-06 00:06:15'),
(302, NULL, 'https://assets.brickmmo.com', NULL, 1, NULL, NULL, '2025-09-06 00:06:15', '2025-09-06 00:06:15'),
(303, NULL, 'https://branding.brickmmo.com', NULL, 1, NULL, NULL, '2025-09-06 00:06:15', '2025-09-06 00:06:15'),
(304, NULL, 'https://cdn.brickmmo.com', NULL, 1, NULL, NULL, '2025-09-06 00:06:15', '2025-09-06 00:06:15'),
(305, NULL, 'https://contributions.brickmmo.com', NULL, 1, NULL, NULL, '2025-09-06 00:06:15', '2025-09-06 00:06:15'),
(306, NULL, 'https://demo.brickmmo.com', NULL, 1, NULL, NULL, '2025-09-06 00:06:15', '2025-09-06 00:06:15'),
(307, NULL, 'https://ldr.brickmmo.com', NULL, 1, NULL, NULL, '2025-09-06 00:06:15', '2025-09-06 00:06:15'),
(308, NULL, 'https://scils.brickmmo.com', NULL, 1, NULL, NULL, '2025-09-06 00:06:15', '2025-09-06 00:06:15'),
(309, NULL, 'https://tasks.brickmmo.com', NULL, 1, NULL, NULL, '2025-09-06 00:06:15', '2025-09-06 00:06:15'),
(310, NULL, 'https://lively.brickmmo.com', NULL, 1, NULL, NULL, '2025-09-06 00:06:15', '2025-09-06 00:06:15'),
(311, NULL, 'https://hubbub.brickmmo.com', NULL, 1, NULL, NULL, '2025-09-06 00:06:15', '2025-09-06 00:06:15'),
(312, NULL, 'https://loot.brickmmo.com', NULL, 1, NULL, NULL, '2025-09-06 00:06:15', '2025-09-06 00:06:15'),
(313, NULL, 'https://polybrick.brickmmo.com', NULL, 1, NULL, NULL, '2025-09-06 00:06:15', '2025-09-06 00:06:15'),
(314, NULL, 'https://wattswrong.brickmmo.com', NULL, 1, NULL, NULL, '2025-09-06 00:06:15', '2025-09-06 00:06:15'),
(315, NULL, 'https://readme.codeadam.ca', NULL, 1, NULL, NULL, '2025-09-06 00:06:15', '2025-09-06 00:06:15'),
(316, NULL, 'https://pseudocode.codeadam.ca', NULL, 1, NULL, NULL, '2025-09-06 00:06:15', '2025-09-06 00:06:15'),
(317, 'tidy | Team Programming Guidelines', 'https://tidy.codeadam.ca', 200, 1, '2025-09-06 00:10:05', '2025-09-06 00:06:18', '2025-09-06 00:06:15', '2025-09-06 00:10:05'),
(318, NULL, 'https://eplus.codeadam.ca', NULL, 317, NULL, NULL, '2025-09-06 00:10:05', '2025-09-06 00:10:05'),
(319, 'Adam Thomas', 'https://codeadam.ca', 200, 317, '2025-09-06 00:15:03', '2025-09-06 00:15:03', '2025-09-06 00:10:05', '2025-09-06 00:15:03');

-- --------------------------------------------------------

--
-- Table structure for table `page_word`
--

CREATE TABLE `page_word` (
  `id` int(11) NOT NULL,
  `page_id` int(11) NOT NULL,
  `word_id` int(11) NOT NULL,
  `count` int(11) NOT NULL
) ENGINE=InnoDB DEFAULT CHARSET=latin1 COLLATE=latin1_swedish_ci;

--
-- Dumping data for table `page_word`
--

INSERT INTO `page_word` (`id`, `page_id`, `word_id`, `count`) VALUES
(1, 317, 1, 7),
(2, 317, 2, 6),
(3, 317, 3, 4),
(4, 317, 4, 4),
(5, 317, 5, 3),
(6, 317, 6, 3),
(7, 317, 7, 3),
(8, 317, 8, 3),
(9, 317, 9, 3),
(10, 317, 10, 3),
(11, 317, 11, 3),
(12, 317, 12, 3),
(13, 317, 13, 3),
(14, 317, 14, 2),
(15, 317, 15, 2),
(16, 317, 16, 2),
(17, 317, 17, 2),
(18, 317, 18, 2),
(19, 317, 19, 2),
(20, 317, 20, 2),
(21, 317, 21, 2),
(22, 317, 22, 2),
(23, 317, 23, 2),
(24, 317, 24, 2),
(25, 317, 25, 2),
(26, 317, 26, 1),
(27, 317, 27, 1),
(28, 317, 28, 1),
(29, 317, 29, 1),
(30, 317, 30, 1),
(31, 317, 31, 1),
(32, 317, 32, 1),
(33, 317, 33, 1),
(34, 317, 34, 1),
(35, 317, 35, 1),
(36, 317, 36, 1),
(37, 317, 37, 1),
(38, 317, 38, 1),
(39, 317, 39, 1),
(40, 317, 40, 1),
(41, 317, 41, 1),
(42, 317, 42, 1),
(43, 317, 43, 1),
(44, 317, 44, 1),
(45, 317, 45, 1),
(46, 317, 46, 1),
(47, 317, 47, 1),
(48, 317, 48, 1),
(49, 317, 49, 1),
(50, 317, 50, 1),
(51, 317, 51, 1),
(52, 317, 52, 1),
(53, 317, 53, 1),
(54, 317, 54, 1),
(55, 317, 55, 1),
(56, 317, 56, 1),
(57, 317, 57, 1),
(58, 317, 58, 1),
(59, 317, 59, 1),
(60, 317, 60, 1),
(61, 317, 61, 1),
(62, 317, 62, 1),
(63, 317, 63, 1),
(64, 317, 64, 1),
(65, 317, 65, 1),
(66, 317, 66, 1),
(67, 317, 67, 1),
(68, 317, 68, 1),
(69, 317, 69, 1),
(70, 317, 70, 1),
(71, 317, 71, 1),
(72, 317, 72, 1),
(73, 317, 73, 1),
(74, 317, 74, 1),
(75, 317, 75, 1),
(76, 317, 76, 1),
(77, 317, 77, 1),
(78, 317, 78, 1),
(79, 317, 79, 1),
(80, 317, 80, 1),
(81, 317, 81, 1),
(82, 317, 82, 1),
(83, 317, 83, 1),
(84, 317, 84, 1),
(85, 317, 85, 1),
(86, 317, 86, 1),
(87, 317, 87, 1),
(88, 319, 6, 8),
(89, 319, 88, 6),
(90, 319, 89, 4),
(91, 319, 90, 3),
(92, 319, 91, 3),
(93, 319, 92, 3),
(94, 319, 93, 2),
(95, 319, 94, 2),
(96, 319, 95, 2),
(97, 319, 96, 2),
(98, 319, 97, 1),
(99, 319, 98, 1),
(100, 319, 99, 1),
(101, 319, 100, 1),
(102, 319, 101, 1),
(103, 319, 102, 1),
(104, 319, 103, 1),
(105, 319, 26, 1),
(106, 319, 104, 1),
(107, 319, 27, 1),
(108, 319, 28, 1),
(109, 319, 29, 1),
(110, 319, 52, 1),
(111, 319, 33, 1),
(112, 319, 105, 1),
(113, 319, 15, 1),
(114, 319, 7, 1),
(115, 319, 106, 1),
(116, 319, 107, 1),
(117, 319, 108, 1),
(118, 319, 109, 1),
(119, 319, 110, 1),
(120, 319, 111, 1),
(121, 319, 112, 1),
(122, 319, 113, 1),
(123, 319, 114, 1),
(124, 319, 115, 1),
(125, 319, 13, 1),
(126, 319, 116, 1),
(127, 319, 117, 1),
(128, 319, 118, 1),
(129, 319, 119, 1),
(130, 319, 120, 1),
(131, 319, 121, 1),
(132, 319, 122, 1),
(133, 319, 123, 1),
(134, 319, 124, 1),
(135, 319, 125, 1),
(136, 319, 82, 1),
(137, 319, 126, 1),
(138, 286, 97, 2),
(139, 286, 10, 1),
(140, 286, 127, 1),
(141, 286, 128, 1),
(142, 286, 129, 1),
(143, 286, 130, 1),
(144, 286, 131, 1),
(145, 286, 132, 1),
(146, 286, 133, 1),
(147, 286, 134, 1),
(148, 286, 135, 1),
(149, 286, 122, 1),
(150, 286, 123, 1),
(151, 286, 124, 1),
(152, 286, 125, 1),
(153, 286, 82, 1),
(154, 286, 126, 1),
(155, 286, 8, 1),
(156, 286, 136, 1),
(157, 288, 1, 8),
(158, 288, 137, 3),
(159, 288, 10, 3),
(160, 288, 138, 3),
(161, 288, 139, 3),
(162, 288, 140, 3),
(163, 288, 141, 2),
(164, 288, 12, 2),
(165, 288, 142, 2),
(166, 288, 143, 2),
(167, 288, 144, 2),
(168, 288, 145, 2),
(169, 288, 146, 2),
(170, 288, 147, 1),
(171, 288, 148, 1),
(172, 288, 8, 1),
(173, 288, 149, 1),
(174, 288, 150, 1),
(175, 288, 151, 1),
(176, 288, 152, 1),
(177, 288, 82, 1),
(178, 288, 153, 1),
(179, 288, 135, 1),
(180, 288, 154, 1),
(181, 288, 155, 1),
(182, 288, 156, 1),
(183, 288, 157, 1),
(184, 288, 158, 1),
(185, 288, 159, 1),
(186, 288, 42, 1),
(187, 288, 160, 1),
(188, 288, 161, 1),
(189, 288, 162, 1),
(190, 288, 163, 1),
(191, 288, 164, 1),
(192, 288, 165, 1),
(193, 288, 166, 1),
(194, 288, 167, 1),
(195, 288, 168, 1),
(196, 288, 169, 1),
(197, 288, 170, 1),
(198, 288, 171, 1),
(199, 288, 172, 1),
(200, 288, 173, 1),
(201, 288, 174, 1),
(202, 288, 9, 1),
(203, 288, 175, 1),
(204, 288, 176, 1),
(205, 288, 177, 1),
(206, 288, 178, 1),
(207, 288, 65, 1),
(208, 288, 179, 1),
(209, 288, 180, 1),
(210, 289, 140, 3),
(211, 289, 1, 3),
(212, 289, 10, 2),
(213, 289, 181, 2),
(214, 289, 174, 1),
(215, 289, 9, 1),
(216, 289, 175, 1),
(217, 289, 176, 1),
(218, 289, 177, 1),
(219, 289, 12, 1),
(220, 289, 178, 1),
(221, 289, 65, 1),
(222, 289, 179, 1),
(223, 289, 180, 1),
(224, 290, 182, 2),
(225, 290, 183, 2),
(226, 290, 184, 1),
(227, 290, 10, 1),
(228, 290, 185, 1),
(229, 290, 186, 1),
(230, 290, 187, 1),
(231, 290, 188, 1),
(232, 290, 189, 1),
(233, 290, 190, 1),
(234, 290, 191, 1),
(235, 290, 192, 1),
(236, 290, 193, 1),
(237, 292, 194, 4),
(238, 292, 8, 2),
(239, 292, 6, 2),
(240, 292, 10, 2),
(241, 292, 88, 2),
(242, 292, 82, 1),
(243, 292, 1, 1),
(244, 292, 100, 1),
(245, 292, 195, 1),
(246, 292, 196, 1),
(247, 292, 13, 1),
(248, 292, 197, 1),
(249, 292, 198, 1),
(250, 293, 199, 5),
(251, 293, 10, 4),
(252, 293, 74, 3),
(253, 293, 200, 3),
(254, 293, 201, 3),
(255, 293, 12, 3),
(256, 293, 56, 3),
(257, 293, 202, 3),
(258, 293, 26, 1),
(259, 293, 6, 1),
(260, 293, 27, 1),
(261, 293, 28, 1),
(262, 293, 29, 1),
(263, 293, 30, 1),
(264, 293, 31, 1),
(265, 293, 32, 1),
(266, 293, 33, 1),
(267, 293, 15, 1),
(268, 293, 104, 1),
(269, 293, 88, 1),
(270, 293, 86, 1),
(271, 293, 87, 1),
(272, 294, 203, 12),
(273, 294, 204, 7),
(274, 294, 205, 6),
(275, 294, 206, 4),
(276, 294, 207, 3),
(277, 294, 208, 3),
(278, 294, 138, 3),
(279, 294, 209, 3),
(280, 294, 210, 3),
(281, 294, 199, 3),
(282, 294, 211, 3),
(283, 294, 212, 3),
(284, 294, 213, 3),
(285, 294, 214, 3),
(286, 294, 215, 2),
(287, 294, 216, 2),
(288, 294, 217, 2),
(289, 294, 218, 2),
(290, 294, 219, 2),
(291, 294, 220, 2),
(292, 294, 221, 2),
(293, 294, 222, 2),
(294, 294, 223, 2),
(295, 294, 224, 2),
(296, 294, 225, 2),
(297, 294, 226, 2),
(298, 294, 161, 2),
(299, 294, 227, 2),
(300, 294, 228, 2),
(301, 294, 229, 2),
(302, 294, 230, 2),
(303, 294, 231, 1),
(304, 294, 232, 1),
(305, 294, 233, 1),
(306, 294, 234, 1),
(307, 294, 235, 1),
(308, 294, 236, 1),
(309, 294, 237, 1),
(310, 294, 238, 1),
(311, 294, 239, 1),
(312, 294, 240, 1),
(313, 294, 241, 1),
(314, 294, 242, 1),
(315, 294, 243, 1),
(316, 294, 244, 1),
(317, 294, 245, 1),
(318, 294, 246, 1),
(319, 294, 247, 1),
(320, 294, 77, 1),
(321, 294, 248, 1),
(322, 294, 249, 1),
(323, 294, 250, 1),
(324, 294, 251, 1),
(325, 294, 252, 1),
(326, 294, 253, 1),
(327, 294, 254, 1),
(328, 294, 255, 1),
(329, 294, 256, 1),
(330, 294, 257, 1),
(331, 294, 258, 1),
(332, 294, 259, 1),
(333, 294, 260, 1),
(334, 294, 84, 1),
(335, 294, 261, 1),
(336, 294, 262, 1),
(337, 294, 263, 1),
(338, 294, 264, 1),
(339, 294, 265, 1),
(340, 294, 266, 1),
(341, 294, 267, 1),
(342, 294, 268, 1),
(343, 294, 269, 1),
(344, 294, 270, 1),
(345, 294, 271, 1),
(346, 294, 194, 1),
(347, 294, 184, 1),
(348, 294, 272, 1),
(349, 294, 273, 1),
(350, 294, 181, 1),
(351, 294, 274, 1),
(352, 294, 275, 1),
(353, 294, 276, 1),
(354, 294, 137, 1),
(355, 295, 136, 42),
(356, 295, 277, 39),
(357, 295, 278, 37),
(358, 295, 263, 31),
(359, 295, 279, 30),
(360, 295, 201, 26),
(361, 295, 280, 26),
(362, 295, 281, 24),
(363, 295, 282, 22),
(364, 295, 283, 22),
(365, 295, 97, 22),
(366, 295, 284, 20),
(367, 295, 285, 19),
(368, 295, 286, 19),
(369, 295, 287, 19),
(370, 295, 199, 18),
(371, 295, 131, 18),
(372, 295, 8, 16),
(373, 295, 288, 16),
(374, 295, 289, 15),
(375, 295, 290, 15),
(376, 295, 291, 14),
(377, 295, 292, 13),
(378, 295, 293, 13),
(379, 295, 294, 12),
(380, 295, 295, 12),
(381, 295, 296, 12),
(382, 295, 297, 11),
(383, 295, 298, 11),
(384, 295, 299, 11),
(385, 295, 81, 10),
(386, 295, 300, 10),
(387, 295, 301, 10),
(388, 295, 302, 10),
(389, 295, 303, 10),
(390, 295, 304, 10),
(391, 295, 305, 10),
(392, 295, 306, 10),
(393, 295, 204, 9),
(394, 295, 307, 9),
(395, 295, 308, 9),
(396, 295, 309, 9),
(397, 295, 310, 9),
(398, 295, 311, 9),
(399, 295, 312, 9),
(400, 295, 313, 9),
(401, 295, 212, 9),
(402, 295, 314, 9),
(403, 295, 315, 9),
(404, 295, 316, 8),
(405, 295, 317, 8),
(406, 295, 318, 8),
(407, 295, 319, 8),
(408, 295, 238, 7),
(409, 295, 320, 7),
(410, 295, 1, 7),
(411, 295, 321, 7),
(412, 295, 322, 7),
(413, 295, 323, 7),
(414, 295, 324, 7),
(415, 295, 325, 7),
(416, 295, 326, 7),
(417, 295, 327, 7),
(418, 295, 210, 6),
(419, 295, 227, 6),
(420, 295, 328, 6),
(421, 295, 329, 6),
(422, 295, 12, 6),
(423, 295, 330, 6),
(424, 295, 331, 6),
(425, 295, 332, 6),
(426, 295, 333, 6),
(427, 295, 334, 6),
(428, 295, 335, 6),
(429, 295, 33, 6),
(430, 295, 336, 6),
(431, 295, 224, 5),
(432, 295, 234, 5),
(433, 295, 337, 5),
(434, 295, 338, 5),
(435, 295, 87, 5),
(436, 295, 339, 5),
(437, 295, 340, 5),
(438, 295, 341, 5),
(439, 295, 342, 5),
(440, 295, 343, 5),
(441, 295, 82, 5),
(442, 295, 10, 4),
(443, 295, 344, 4),
(444, 295, 345, 4),
(445, 295, 221, 4),
(446, 295, 260, 4),
(447, 295, 346, 4),
(448, 295, 6, 4),
(449, 295, 88, 4),
(450, 295, 347, 4),
(451, 295, 157, 4),
(452, 295, 348, 4),
(453, 295, 349, 4),
(454, 295, 350, 4),
(455, 295, 351, 4),
(456, 295, 352, 4),
(457, 295, 353, 4),
(458, 295, 354, 4),
(459, 295, 355, 4),
(460, 295, 356, 4),
(461, 295, 71, 4),
(462, 295, 357, 4),
(463, 295, 358, 4),
(464, 295, 93, 4),
(465, 295, 359, 4),
(466, 295, 360, 4),
(467, 295, 361, 4),
(468, 295, 362, 3),
(469, 295, 363, 3),
(470, 295, 364, 3),
(471, 295, 365, 3),
(472, 295, 366, 3),
(473, 295, 367, 3),
(474, 295, 368, 3),
(475, 295, 9, 3),
(476, 295, 203, 3),
(477, 295, 369, 3),
(478, 295, 370, 3),
(479, 295, 371, 3),
(480, 295, 372, 3),
(481, 295, 373, 3),
(482, 295, 374, 3),
(483, 295, 375, 3),
(484, 295, 376, 3),
(485, 295, 377, 3),
(486, 295, 378, 3),
(487, 295, 379, 3),
(488, 295, 380, 3),
(489, 295, 381, 2),
(490, 295, 219, 2),
(491, 295, 382, 2),
(492, 295, 214, 2),
(493, 295, 249, 2),
(494, 295, 383, 2),
(495, 295, 213, 2),
(496, 295, 384, 2),
(497, 295, 243, 2),
(498, 295, 385, 2),
(499, 295, 386, 2),
(500, 295, 387, 2),
(501, 295, 388, 2),
(502, 295, 389, 2),
(503, 295, 390, 2),
(504, 295, 391, 2),
(505, 295, 392, 2),
(506, 295, 393, 2),
(507, 295, 394, 2),
(508, 295, 395, 2),
(509, 295, 396, 2),
(510, 295, 397, 2),
(511, 295, 398, 2),
(512, 295, 399, 2),
(513, 295, 400, 2),
(514, 295, 401, 2),
(515, 295, 402, 2),
(516, 295, 403, 2),
(517, 295, 404, 2),
(518, 295, 405, 2),
(519, 295, 406, 2),
(520, 295, 407, 2),
(521, 295, 408, 2),
(522, 295, 409, 2),
(523, 295, 410, 2),
(524, 295, 411, 2),
(525, 295, 412, 2),
(526, 295, 413, 2),
(527, 295, 414, 2),
(528, 295, 415, 2),
(529, 295, 416, 2),
(530, 295, 417, 2),
(531, 295, 418, 2),
(532, 295, 419, 2),
(533, 295, 420, 2),
(534, 295, 421, 2),
(535, 295, 70, 2),
(536, 295, 422, 2),
(537, 295, 423, 2),
(538, 295, 424, 2),
(539, 295, 425, 2),
(540, 295, 426, 2),
(541, 295, 427, 2),
(542, 295, 428, 2),
(543, 295, 429, 2),
(544, 295, 430, 2),
(545, 295, 431, 2),
(546, 295, 432, 2),
(547, 295, 433, 2),
(548, 295, 231, 1),
(549, 295, 218, 1),
(550, 295, 434, 1),
(551, 295, 435, 1),
(552, 295, 436, 1),
(553, 295, 437, 1),
(554, 295, 438, 1),
(555, 295, 439, 1),
(556, 295, 223, 1),
(557, 295, 440, 1),
(558, 295, 441, 1),
(559, 295, 442, 1),
(560, 295, 206, 1),
(561, 295, 217, 1),
(562, 295, 232, 1),
(563, 295, 233, 1),
(564, 295, 443, 1),
(565, 295, 444, 1),
(566, 295, 445, 1),
(567, 295, 446, 1),
(568, 295, 447, 1),
(569, 295, 448, 1),
(570, 295, 449, 1),
(571, 295, 450, 1),
(572, 295, 451, 1),
(573, 295, 452, 1),
(574, 295, 453, 1),
(575, 295, 454, 1),
(576, 295, 455, 1),
(577, 295, 456, 1),
(578, 295, 457, 1),
(579, 295, 458, 1),
(580, 295, 459, 1),
(581, 295, 460, 1),
(582, 295, 461, 1),
(583, 295, 462, 1),
(584, 295, 138, 1),
(585, 295, 463, 1),
(586, 295, 464, 1),
(587, 295, 275, 1),
(588, 295, 465, 1),
(589, 295, 269, 1),
(590, 295, 466, 1),
(591, 295, 467, 1),
(592, 295, 468, 1),
(593, 295, 469, 1),
(594, 295, 470, 1),
(595, 295, 124, 1),
(596, 295, 471, 1),
(597, 295, 472, 1),
(598, 295, 100, 1),
(599, 295, 473, 1),
(600, 295, 474, 1),
(601, 295, 21, 1),
(602, 295, 154, 1),
(603, 295, 255, 1),
(604, 295, 475, 1),
(605, 295, 29, 1),
(606, 295, 476, 1),
(607, 295, 477, 1),
(608, 295, 478, 1),
(609, 295, 479, 1),
(610, 295, 480, 1),
(611, 295, 481, 1),
(612, 295, 482, 1),
(613, 295, 483, 1),
(614, 295, 484, 1),
(615, 295, 485, 1),
(616, 295, 486, 1),
(617, 295, 487, 1),
(618, 295, 488, 1),
(619, 295, 489, 1),
(620, 295, 490, 1),
(621, 295, 491, 1),
(622, 295, 492, 1),
(623, 295, 493, 1),
(624, 295, 494, 1),
(625, 295, 495, 1),
(626, 295, 496, 1),
(627, 295, 497, 1),
(628, 295, 26, 1),
(629, 295, 498, 1),
(630, 295, 499, 1),
(631, 295, 500, 1),
(632, 295, 501, 1),
(633, 295, 502, 1),
(634, 295, 503, 1),
(635, 295, 504, 1),
(636, 295, 505, 1),
(637, 295, 506, 1),
(638, 295, 507, 1),
(639, 295, 20, 1),
(640, 295, 132, 1),
(641, 295, 508, 1),
(642, 295, 509, 1),
(643, 295, 510, 1),
(644, 295, 511, 1),
(645, 295, 512, 1),
(646, 295, 513, 1),
(647, 295, 514, 1),
(648, 295, 515, 1),
(649, 295, 516, 1),
(650, 295, 517, 1),
(651, 295, 518, 1),
(652, 295, 162, 1),
(653, 295, 519, 1),
(654, 295, 520, 1),
(655, 295, 521, 1),
(656, 295, 522, 1),
(657, 295, 523, 1),
(658, 295, 524, 1),
(659, 295, 525, 1),
(660, 295, 526, 1),
(661, 295, 527, 1),
(662, 295, 528, 1),
(663, 295, 529, 1),
(664, 295, 530, 1),
(665, 295, 531, 1),
(666, 295, 50, 1),
(667, 295, 532, 1),
(668, 295, 533, 1),
(669, 295, 534, 1),
(670, 295, 535, 1),
(671, 295, 142, 1),
(672, 295, 128, 1),
(673, 295, 536, 1),
(674, 295, 537, 1),
(675, 295, 538, 1),
(676, 295, 539, 1),
(677, 295, 540, 1),
(678, 295, 541, 1),
(679, 295, 542, 1),
(680, 295, 543, 1),
(681, 295, 544, 1),
(682, 295, 545, 1),
(683, 295, 546, 1),
(684, 295, 547, 1),
(685, 295, 548, 1),
(686, 295, 549, 1),
(687, 295, 550, 1),
(688, 296, 480, 12),
(689, 296, 280, 11),
(690, 296, 279, 9),
(691, 296, 551, 9),
(692, 296, 498, 9),
(693, 296, 97, 8),
(694, 296, 269, 8),
(695, 296, 10, 8),
(696, 296, 1, 8),
(697, 296, 281, 7),
(698, 296, 298, 7),
(699, 296, 552, 7),
(700, 296, 12, 6),
(701, 296, 553, 5),
(702, 296, 278, 5),
(703, 296, 554, 5),
(704, 296, 555, 5),
(705, 296, 417, 5),
(706, 296, 556, 5),
(707, 296, 314, 5),
(708, 296, 88, 4),
(709, 296, 352, 4),
(710, 296, 318, 4),
(711, 296, 516, 4),
(712, 296, 557, 4),
(713, 296, 289, 4),
(714, 296, 199, 4),
(715, 296, 558, 3),
(716, 296, 6, 3),
(717, 296, 559, 3),
(718, 296, 560, 3),
(719, 296, 459, 3),
(720, 296, 561, 3),
(721, 296, 562, 3),
(722, 296, 563, 3),
(723, 296, 297, 3),
(724, 296, 564, 3),
(725, 296, 565, 3),
(726, 296, 566, 3),
(727, 296, 567, 3),
(728, 296, 568, 2),
(729, 296, 569, 2),
(730, 296, 291, 2),
(731, 296, 570, 2),
(732, 296, 215, 2),
(733, 296, 571, 2),
(734, 296, 549, 2),
(735, 296, 308, 2),
(736, 296, 572, 2),
(737, 296, 573, 2),
(738, 296, 212, 2),
(739, 296, 574, 2),
(740, 296, 575, 2),
(741, 296, 42, 2),
(742, 296, 576, 2),
(743, 296, 577, 2),
(744, 296, 578, 2),
(745, 296, 579, 2),
(746, 296, 580, 1),
(747, 296, 581, 1),
(748, 296, 224, 1),
(749, 296, 401, 1),
(750, 296, 582, 1),
(751, 296, 583, 1),
(752, 296, 584, 1),
(753, 296, 585, 1),
(754, 296, 586, 1),
(755, 296, 587, 1),
(756, 296, 588, 1),
(757, 296, 284, 1),
(758, 296, 589, 1),
(759, 296, 590, 1),
(760, 296, 591, 1),
(761, 296, 15, 1),
(762, 296, 592, 1),
(763, 296, 593, 1),
(764, 296, 436, 1),
(765, 296, 594, 1),
(766, 296, 595, 1),
(767, 296, 596, 1),
(768, 296, 157, 1),
(769, 296, 597, 1),
(770, 296, 87, 1),
(771, 296, 402, 1),
(772, 296, 227, 1),
(773, 296, 598, 1),
(774, 296, 421, 1),
(775, 296, 599, 1),
(776, 296, 600, 1),
(777, 296, 332, 1),
(778, 296, 201, 1),
(779, 296, 70, 1),
(780, 296, 252, 1),
(781, 296, 277, 1),
(782, 296, 127, 1),
(783, 296, 601, 1),
(784, 296, 602, 1),
(785, 296, 603, 1),
(786, 296, 604, 1),
(787, 296, 605, 1),
(788, 296, 606, 1),
(789, 296, 368, 1),
(790, 296, 607, 1),
(791, 296, 608, 1),
(792, 296, 609, 1),
(793, 296, 29, 1),
(794, 296, 610, 1),
(795, 296, 128, 1),
(796, 296, 611, 1),
(797, 296, 612, 1),
(798, 296, 613, 1),
(799, 296, 614, 1),
(800, 296, 615, 1),
(801, 296, 616, 1),
(802, 296, 617, 1),
(803, 296, 618, 1),
(804, 296, 172, 1),
(805, 296, 130, 1),
(806, 296, 8, 1),
(807, 296, 619, 1),
(808, 296, 620, 1),
(809, 296, 621, 1),
(810, 296, 37, 1),
(811, 296, 622, 1),
(812, 296, 623, 1),
(813, 296, 624, 1),
(814, 296, 625, 1),
(815, 296, 626, 1),
(816, 296, 216, 1),
(817, 296, 627, 1),
(818, 296, 628, 1),
(819, 296, 629, 1),
(820, 296, 630, 1),
(821, 296, 631, 1),
(822, 296, 632, 1),
(823, 296, 633, 1),
(824, 296, 634, 1),
(825, 296, 635, 1),
(826, 296, 636, 1),
(827, 296, 150, 1),
(828, 296, 637, 1),
(829, 296, 638, 1),
(830, 296, 197, 1),
(831, 296, 639, 1),
(832, 296, 640, 1),
(833, 296, 116, 1),
(834, 296, 641, 1),
(835, 296, 642, 1),
(836, 296, 643, 1),
(837, 296, 644, 1),
(838, 296, 645, 1),
(839, 296, 646, 1),
(840, 296, 647, 1),
(841, 296, 648, 1),
(842, 297, 649, 3),
(843, 297, 568, 3),
(844, 297, 70, 3),
(845, 297, 10, 2),
(846, 297, 650, 2),
(847, 297, 171, 2),
(848, 297, 1, 2),
(849, 297, 213, 2),
(850, 297, 503, 1),
(851, 297, 42, 1),
(852, 297, 651, 1),
(853, 297, 12, 1),
(854, 297, 652, 1),
(855, 297, 20, 1),
(856, 297, 6, 1),
(857, 297, 88, 1),
(858, 297, 210, 1),
(859, 297, 238, 1),
(860, 298, 653, 2),
(861, 298, 10, 1),
(862, 298, 654, 1),
(863, 298, 322, 1),
(864, 298, 655, 1),
(865, 298, 83, 1),
(866, 298, 656, 1),
(867, 298, 33, 1),
(868, 298, 15, 1);

-- --------------------------------------------------------

--
-- Table structure for table `words`
--

CREATE TABLE `words` (
  `id` int(11) NOT NULL,
  `word` varchar(255) NOT NULL
) ENGINE=InnoDB DEFAULT CHARSET=latin1 COLLATE=latin1_swedish_ci;

--
-- Dumping data for table `words`
--

INSERT INTO `words` (`id`, `word`) VALUES
(1, 'the'),
(2, 'tidy'),
(3, 'guidelines'),
(4, 'repo'),
(5, 'programming'),
(6, 'https'),
(7, 'codeadam'),
(8, 'for'),
(9, 'all'),
(10, 'brickmmo'),
(11, 'conventions'),
(12, 'and'),
(13, 'github'),
(14, 'team'),
(15, 'url'),
(16, 'readme'),
(17, 'follow'),
(18, 'database'),
(19, 'laravel'),
(20, 'use'),
(21, 'process'),
(22, 'repos'),
(23, 'following'),
(24, 'code'),
(25, 'execute'),
(26, 'context'),
(27, 'schema'),
(28, 'org'),
(29, 'type'),
(30, 'website'),
(31, 'description'),
(32, 'headline'),
(33, 'name'),
(34, 'import'),
(35, 'css'),
(36, 'list'),
(37, 'related'),
(38, 'development'),
(39, 'naming'),
(40, 'eloquent'),
(41, 'along'),
(42, 'with'),
(43, 'eplus'),
(44, 'recommended'),
(45, 'migration'),
(46, 'creation'),
(47, 'upkeep'),
(48, 'databases'),
(49, 'should'),
(50, 'created'),
(51, 'within'),
(52, 'organization'),
(53, 'develop'),
(54, 'fork'),
(55, 'desired'),
(56, 'make'),
(57, 'changes'),
(58, 'forked'),
(59, 'submit'),
(60, 'pull'),
(61, 'request'),
(62, 'original'),
(63, 'coding'),
(64, 'parentheses'),
(65, 'are'),
(66, 'placed'),
(67, 'their'),
(68, 'own'),
(69, 'lines'),
(70, 'value'),
(71, 'true'),
(72, 'brackets'),
(73, 'statement'),
(74, 'loop'),
(75, 'etc'),
(76, 'have'),
(77, 'space'),
(78, 'between'),
(79, 'constructor'),
(80, 'condition'),
(81, 'let'),
(82, 'this'),
(83, 'available'),
(84, 'view'),
(85, 'resources'),
(86, 'anchors'),
(87, 'add'),
(88, 'com'),
(89, 'www'),
(90, 'gtag'),
(91, 'datalayer'),
(92, 'codeadamca'),
(93, 'window'),
(94, 'adam'),
(95, 'thomas'),
(96, 'adambenjaminthomas'),
(97, 'function'),
(98, 'push'),
(99, 'arguments'),
(100, 'new'),
(101, 'date'),
(102, 'config'),
(103, '1yphpgsbmg'),
(104, 'http'),
(105, 'professor'),
(106, 'address'),
(107, 'sameas'),
(108, 'facebook'),
(109, 'twitter'),
(110, 'linkedin'),
(111, 'instagram'),
(112, 'youtube'),
(113, 'channel'),
(114, 'ucvn'),
(115, 'c8mnpjythwwkdi5qmva'),
(116, 'humber'),
(117, 'academia'),
(118, 'edu'),
(119, 'adamthomas'),
(120, 'react'),
(121, 'appyou'),
(122, 'need'),
(123, 'enable'),
(124, 'javascript'),
(125, 'run'),
(126, 'app'),
(127, 'smart'),
(128, 'city'),
(129, 'education'),
(130, 'platform'),
(131, 'html'),
(132, 'scroll'),
(133, 'behavior'),
(134, 'smooth'),
(135, 'you'),
(136, 'var'),
(137, 'bricksum'),
(138, 'text'),
(139, 'words'),
(140, 'lego'),
(141, 'tool'),
(142, 'number'),
(143, 'generate'),
(144, 'sentences'),
(145, 'paragraphs'),
(146, 'copy'),
(147, 'unique'),
(148, 'designed'),
(149, 'enthusiasts'),
(150, 'content'),
(151, 'creators'),
(152, 'developers'),
(153, 'allows'),
(154, 'create'),
(155, 'different'),
(156, 'texts'),
(157, 'from'),
(158, 'chosen'),
(159, 'option'),
(160, 'given'),
(161, 'size'),
(162, 'input'),
(163, 'features'),
(164, 'custom'),
(165, 'lorem'),
(166, 'ipsum'),
(167, 'using'),
(168, 'thememed'),
(169, 'specify'),
(170, 'easily'),
(171, 'generated'),
(172, 'your'),
(173, 'clipboard'),
(174, '2024'),
(175, 'rights'),
(176, 'reserved'),
(177, 'logo'),
(178, 'minifigure'),
(179, 'trademarks'),
(180, 'group'),
(181, 'colours'),
(182, 'stacked'),
(183, 'baseplates'),
(184, 'conversions'),
(185, 'studs'),
(186, 'millimeter'),
(187, 'centimeter'),
(188, 'meter'),
(189, 'inches'),
(190, 'feet'),
(191, 'bricks'),
(192, 'plates'),
(193, 'blocks'),
(194, 'events'),
(195, 'location'),
(196, 'see'),
(197, 'more'),
(198, 'information'),
(199, 'display'),
(200, 'through'),
(201, 'data'),
(202, 'visualizations'),
(203, '3px'),
(204, 'border'),
(205, 'radius'),
(206, 'font'),
(207, 'glyphs'),
(208, '10px'),
(209, 'preview'),
(210, 'width'),
(211, 'inline'),
(212, 'block'),
(213, 'color'),
(214, 'overflow'),
(215, 'icon'),
(216, 'library'),
(217, 'family'),
(218, 'margin'),
(219, 'padding'),
(220, 'align'),
(221, 'center'),
(222, 'inner'),
(223, '100'),
(224, 'background'),
(225, 'webkit'),
(226, 'moz'),
(227, 'box'),
(228, '666'),
(229, 'kit'),
(230, 'brick'),
(231, 'body'),
(232, 'sans'),
(233, 'serif'),
(234, '20px'),
(235, '100px'),
(236, 'f5f5f5'),
(237, 'line'),
(238, 'height'),
(239, '85px'),
(240, '40px'),
(241, '333'),
(242, 'label'),
(243, 'sizing'),
(244, '5px'),
(245, 'monaco'),
(246, 'monospace'),
(247, 'white'),
(248, 'nowrap'),
(249, 'hidden'),
(250, 'ellipsis'),
(251, 'ddd'),
(252, 'video'),
(253, 'uptime'),
(254, 'train'),
(255, 'tracks'),
(256, 'timesheets'),
(257, 'timeline'),
(258, 'stores'),
(259, 'stats'),
(260, 'road'),
(261, 'radio'),
(262, 'power'),
(263, 'grid'),
(264, 'place'),
(265, 'pixelate'),
(266, 'pick'),
(267, 'parts'),
(268, 'navigation'),
(269, 'media'),
(270, 'gps'),
(271, 'flow'),
(272, 'control'),
(273, 'panel'),
(274, 'clock'),
(275, 'cdn'),
(276, 'brix'),
(277, 'building'),
(278, 'style'),
(279, 'const'),
(280, 'document'),
(281, 'addeventlistener'),
(282, 'main'),
(283, 'square'),
(284, 'length'),
(285, 'squares'),
(286, 'searchresults'),
(287, 'profile'),
(288, 'div'),
(289, 'getelementbyid'),
(290, 'scale'),
(291, 'math'),
(292, 'queryselectorall'),
(293, 'stopresults'),
(294, 'rotatex'),
(295, 'rotatey'),
(296, 'profileview'),
(297, 'none'),
(298, 'click'),
(299, 'touches'),
(300, 'dragging'),
(301, 'isdragging'),
(302, 'result'),
(303, 'selected'),
(304, 'lastx'),
(305, 'lasty'),
(306, 'clienty'),
(307, 'items'),
(308, 'remove'),
(309, 'offsetx'),
(310, 'offsety'),
(311, 'false'),
(312, 'clientx'),
(313, 'else'),
(314, 'target'),
(315, 'stopdiv'),
(316, 'left'),
(317, 'prevselected'),
(318, 'classlist'),
(319, 'results'),
(320, 'top'),
(321, 'json'),
(322, 'error'),
(323, 'gridheight'),
(324, 'centergridinmain'),
(325, 'max'),
(326, 'min'),
(327, 'innerhtml'),
(328, 'map'),
(329, 'then'),
(330, 'isrotating3d'),
(331, 'highlight'),
(332, 'getattribute'),
(333, 'prevsquares'),
(334, 'mainrect'),
(335, 'deg'),
(336, 'stopdivs'),
(337, 'response'),
(338, 'typeclass'),
(339, 'clearbuildinghighlights'),
(340, 'set'),
(341, 'null'),
(342, 'buildings'),
(343, 'searchinput'),
(344, 'position'),
(345, 'transform'),
(346, 'cityid'),
(347, 'load'),
(348, 'api'),
(349, 'fetch'),
(350, 'not'),
(351, 'buildingid'),
(352, 'queryselector'),
(353, 'previd'),
(354, 'showbuildingprofile'),
(355, 'getboundingclientrect'),
(356, 'gridwidth'),
(357, 'preventdefault'),
(358, 'pinchstartdist'),
(359, 'res'),
(360, 'updateroute'),
(361, 'afterelement'),
(362, '100vh'),
(363, 'touch'),
(364, 'absolute'),
(365, '400px'),
(366, 'city_id'),
(367, 'colour'),
(368, 'search'),
(369, 'solid'),
(370, 'yellow'),
(371, 'catch'),
(372, 'console'),
(373, 'loading'),
(374, 'drag'),
(375, 'zoomintensity'),
(376, 'searchtimeout'),
(377, 'query'),
(378, 'removebuttons'),
(379, 'removeeventlistener'),
(380, 'rect'),
(381, 'maps'),
(382, '100vw'),
(383, 'action'),
(384, 'shadow'),
(385, 'template'),
(386, 'repeat'),
(387, 'track'),
(388, 'water'),
(389, 'important'),
(390, 'cursor'),
(391, 'pointer'),
(392, 'return'),
(393, 'griddiv'),
(394, 'foreach'),
(395, 'istrack'),
(396, 'isroad'),
(397, 'dataset'),
(398, 'appendchild'),
(399, 'matching'),
(400, 'initial'),
(401, 'rotation'),
(402, 'button'),
(403, 'ctrlkey'),
(404, 'right'),
(405, 'back'),
(406, 'mouseleave'),
(407, 'only'),
(408, 'gettouchdist'),
(409, 'pinchstartscale'),
(410, 'newdist'),
(411, 'newscale'),
(412, 'wheel'),
(413, 'minscale'),
(414, 'clientheight'),
(415, 'maxscale'),
(416, 'recenter'),
(417, 'when'),
(418, 'resized'),
(419, 'resize'),
(420, 'attachresultevents'),
(421, 'selection'),
(422, 'array'),
(423, 'backbtn'),
(424, 'addbtn'),
(425, 'stop'),
(426, 'attachremoveevents'),
(427, 'log'),
(428, 'drop'),
(429, 'reorderbtn'),
(430, 'dragstart'),
(431, 'dragend'),
(432, 'dragover'),
(433, 'onstopdrag'),
(434, 'container'),
(435, 'relative'),
(436, 'sidebar'),
(437, '222'),
(438, 'fff'),
(439, 'index'),
(440, '2px'),
(441, '8px'),
(442, 'rgba'),
(443, 'calc'),
(444, 'perspective'),
(445, '1200px'),
(446, 'columns'),
(447, 'rows'),
(448, 'gap'),
(449, '1px'),
(450, 'origin'),
(451, 'transition'),
(452, 'ground'),
(453, '996633'),
(454, '888'),
(455, '777'),
(456, '3498db'),
(457, 'blue'),
(458, 'link'),
(459, 'active'),
(460, 'visited'),
(461, 'hover'),
(462, 'ff5b00'),
(463, 'decoration'),
(464, 'rebrickablecdn'),
(465, 'rebrickable'),
(466, 'sets'),
(467, 'local'),
(468, 'file'),
(469, 'endpoint'),
(470, 'convert'),
(471, 'object'),
(472, 'throw'),
(473, 'network'),
(474, 'was'),
(475, 'roads'),
(476, 'createelement'),
(477, 'backgroundcolor'),
(478, 'classname'),
(479, 'title'),
(480, 'event'),
(481, 'visible'),
(482, 'string'),
(483, 'get'),
(484, 'sizes'),
(485, 'gaps'),
(486, 'offset'),
(487, 'logic'),
(488, 'mousedown'),
(489, 'rotate'),
(490, 'ctrl'),
(491, 'mousemove'),
(492, 'clamp'),
(493, 'can'),
(494, 'flipped'),
(495, 'past'),
(496, 'mouseup'),
(497, 'prevent'),
(498, 'menu'),
(499, 'contextmenu'),
(500, 'support'),
(501, 'mobile'),
(502, 'optional'),
(503, 'here'),
(504, 'lasttouchdist'),
(505, 'touchstart'),
(506, 'touchmove'),
(507, 'touchend'),
(508, 'zoom'),
(509, 'out'),
(510, 'deltay'),
(511, 'clampoffsets'),
(512, 'passive'),
(513, 'serch'),
(514, 'form'),
(515, 'mouseenter'),
(516, 'contains'),
(517, 'previous'),
(518, 'current'),
(519, 'cleartimeout'),
(520, 'trim'),
(521, 'settimeout'),
(522, 'encodeuricomponent'),
(523, 'isarray'),
(524, 'found'),
(525, '400'),
(526, 'functions'),
(527, 'gridcheck'),
(528, 'check'),
(529, 'gridrect'),
(530, 'call'),
(531, 'after'),
(532, 'centermapbtn'),
(533, 'building_id'),
(534, 'plus'),
(535, 'stops'),
(536, 'backtoresults'),
(537, 'addtostops'),
(538, 'removestop'),
(539, 'removce'),
(540, 'parentelement'),
(541, 'reorder'),
(542, 'reorderstop'),
(543, 'draggable'),
(544, 'datatransfer'),
(545, 'effectallowed'),
(546, 'move'),
(547, 'break'),
(548, 'insertbefore'),
(549, 'stoppropagation'),
(550, 'change'),
(551, 'images'),
(552, 'categoryoptions'),
(553, 'jpg'),
(554, 'sidemenu'),
(555, 'close'),
(556, 'clicking'),
(557, 'categorydropdown'),
(558, 'home'),
(559, 'changebackgroundimage'),
(560, 'menuicon'),
(561, 'selectedcategory'),
(562, 'dropdown'),
(563, 'category'),
(564, 'about'),
(565, 'gallery'),
(566, 'videos'),
(567, 'explore'),
(568, 'image'),
(569, 'randomindex'),
(570, 'toggle'),
(571, 'closemenu'),
(572, 'outside'),
(573, 'dropdownarrow'),
(574, 'audio'),
(575, 'hub'),
(576, 'audios'),
(577, 'download'),
(578, 'inspire'),
(579, 'connect'),
(580, 'page'),
(581, 'domcontentloaded'),
(582, 'hallway'),
(583, 'foundation'),
(584, 'pixy'),
(585, 'trees'),
(586, 'jpeg'),
(587, 'floor'),
(588, 'random'),
(589, 'hero'),
(590, 'section'),
(591, 'backgroundimage'),
(592, 'setinterval'),
(593, '5000'),
(594, 'side'),
(595, 'open'),
(596, 'prevents'),
(597, 'bubbling'),
(598, 'handle'),
(599, 'item'),
(600, 'textcontent'),
(601, 'cities'),
(602, 'one'),
(603, 'innovation'),
(604, 'time'),
(605, 'discover'),
(606, 'perfect'),
(607, 'filter'),
(608, 'find'),
(609, 'ease'),
(610, 'choose'),
(611, 'harry'),
(612, 'potter'),
(613, 'starwars'),
(614, 'minecraft'),
(615, 'marvel'),
(616, 'start'),
(617, 'searching'),
(618, 'welcome'),
(619, 'accessing'),
(620, 'high'),
(621, 'quality'),
(622, 'project'),
(623, 'our'),
(624, 'mission'),
(625, 'provide'),
(626, 'extensive'),
(627, 'that'),
(628, 'showcase'),
(629, 'creativity'),
(630, 'impact'),
(631, 'participants'),
(632, 'organizations'),
(633, 'share'),
(634, 'these'),
(635, 'moments'),
(636, 'community'),
(637, 'like'),
(638, 'know'),
(639, 'thomasadam83'),
(640, 'hotmail'),
(641, 'college'),
(642, 'north'),
(643, 'campus'),
(644, 'toronto'),
(645, 'm8v'),
(646, '1k8'),
(647, 'contact'),
(648, '2025'),
(649, 'placekit'),
(650, 'dynamically'),
(651, 'dimensions'),
(652, 'how'),
(653, 'qrcode'),
(654, 'redirect'),
(655, 'errormessage'),
(656, 'codes');

--
-- Indexes for dumped tables
--

--
-- Indexes for table `pages`
--
ALTER TABLE `pages`
  ADD PRIMARY KEY (`id`);

--
-- Indexes for table `page_word`
--
ALTER TABLE `page_word`
  ADD PRIMARY KEY (`id`);

--
-- Indexes for table `words`
--
ALTER TABLE `words`
  ADD PRIMARY KEY (`id`);

--
-- AUTO_INCREMENT for dumped tables
--

--
-- AUTO_INCREMENT for table `pages`
--
ALTER TABLE `pages`
  MODIFY `id` int(11) NOT NULL AUTO_INCREMENT, AUTO_INCREMENT=320;

--
-- AUTO_INCREMENT for table `page_word`
--
ALTER TABLE `page_word`
  MODIFY `id` int(11) NOT NULL AUTO_INCREMENT, AUTO_INCREMENT=869;

--
-- AUTO_INCREMENT for table `words`
--
ALTER TABLE `words`
  MODIFY `id` int(11) NOT NULL AUTO_INCREMENT, AUTO_INCREMENT=657;
COMMIT;

/*!40101 SET CHARACTER_SET_CLIENT=@OLD_CHARACTER_SET_CLIENT */;
/*!40101 SET CHARACTER_SET_RESULTS=@OLD_CHARACTER_SET_RESULTS */;
/*!40101 SET COLLATION_CONNECTION=@OLD_COLLATION_CONNECTION */;
